Date,Steps,Sleep_Hours,Heart_Rate_bpm,Active_Minutes,Calories_Burned
2025-01-01,9534.818714104782,7.004808964717025,82.33077905905078,100.0,
2025-01-02,14763.453736113064,7.026509809406356,65.09961695575974,66.0,821.5381494445226
2025-01-03,7239.8643259051105,8.42439737211721,,,496.09457303620445
2025-01-04,4922.776342600094,6.771847284796719,67.73717843998183,174.0,805.9110537040037
2025-01-05,7321.493897210171,,65.0435705846032,158.0,845.8597558884069
2025-01-06,5386.143775524149,7.666967481165058,57.16023695056113,50.0,390.445751020966
2025-01-07,8759.105397916665,8.117496885079365,73.56646662714869,29.0,451.8642159166666
2025-01-08,15054.279078372945,7.547558010802742,61.11019772673155,54.0,791.1711631349178
2025-01-09,3180.4172306898736,5.793392957378657,68.26296931048748,24.0,211.21668922759494
2025-01-10,7227.609968620738,8.960403281436735,79.01515438475198,130.0,744.1043987448295
2025-01-11,8223.28036464701,6.0089594914822975,78.48501549126144,164.0,902.9312145858803
2025-01-12,7914.497769570231,6.874458929001654,61.05994867211785,,
2025-01-13,8643.104286881535,6.291977541489976,70.52131688493165,127.0,790.2241714752614
2025-01-14,8066.963056496471,5.320669072475224,84.18771239075053,120.0,742.6785222598588
2025-01-15,9052.885974713214,7.4796058535979855,73.21374646445494,170.0,957.1154389885286
2025-01-16,4378.630042029831,7.1303277549639335,69.19481423420595,81.0,458.64520168119327
2025-01-17,10542.987232518211,8.215115540901094,62.69834494333284,41.0,565.2194893007285
2025-01-18,11150.277189199078,7.949407702684503,77.17055912536252,134.0,915.0110875679632
2025-01-19,6523.9435006839685,5.7579774701049296,79.72392927737124,58.0,463.95774002735874
2025-01-20,6957.770465268163,7.597968206345779,66.16308555843689,117.0,687.8108186107265
2025-01-21,4525.156273885863,6.850163980101465,,105.0,548.5062509554346
2025-01-22,3000.0,7.877634992983062,74.49171655481418,167.0,704.5
2025-01-23,9447.766497999422,7.864005367078175,,174.0,986.910659919977
2025-01-24,4584.807277186626,6.43404633076216,59.54494074366474,50.0,358.3922910874651
2025-01-25,9362.331393048335,6.261624761272744,57.66155354527863,115.0,776.9932557219333
2025-01-26,9266.868625766821,6.043781580095634,57.37150505459681,140.0,860.6747450306729
2025-01-27,13383.746725406185,7.376457344575986,57.209642220587746,143.0,1035.8498690162473
2025-01-28,8103.923929847626,6.067543866765785,60.84438187325932,63.0,544.6569571939051
2025-01-29,4587.724631509834,6.9515639980975585,77.33657188342872,48.0,351.5089852603934
2025-01-30,6599.1806485338675,7.371825630250386,76.03489143708461,20.0,333.9672259413547
2025-01-31,11887.716787508409,5.955182635573511,63.061925910890466,60.0,685.5086715003363
2025-02-01,4567.339030245406,6.493618094392272,67.40617813996984,178.0,805.6935612098163
2025-02-02,16418.93649036697,8.093913736622687,73.63122318338976,91.0,975.2574596146789
2025-02-03,,8.908721040494019,56.25602794206483,109.0,771.5030986306044
2025-02-04,10038.335099299567,6.891429508089046,64.05173001807132,97.0,741.0334039719827
2025-02-05,7945.4593168690235,6.869804566355882,62.2262021266732,119.0,734.3183726747609
2025-02-06,3687.988907681476,6.411535475846501,81.52573033285857,71.0,396.01955630725905
2025-02-07,10366.031763721274,8.751491136300805,66.62506778013027,165.0,992.141270548851
2025-02-08,8764.595878355378,6.943189624674002,70.90802978574789,116.0,756.5838351342152
2025-02-09,9820.131971737774,7.427915394394598,66.33700701521973,159.0,949.305278869511
2025-02-10,4417.097263871863,7.590038684087862,60.22403924227041,167.0,761.1838905548746
2025-02-11,8375.460917777315,6.856991995060195,84.44682547832315,156.0,881.0184367110926
2025-02-12,,6.1133900512764425,74.01044195026842,160.0,809.0112922023272
2025-02-13,8343.636775471887,7.736784688071863,62.07353489553635,110.0,718.7454710188755
2025-02-14,8684.018550483364,7.456036689655509,57.08620518566488,86.0,648.3607420193346
2025-02-15,14851.721334445185,7.343314980890803,71.23224274034635,25.0,681.5688533778074
2025-02-16,7475.630349862247,6.437402911924975,56.38286606992989,129.0,750.5252139944898
2025-02-17,7882.386963438184,7.289201682871496,75.73643613692992,88.0,623.2954785375273
2025-02-18,9592.759307971673,7.174142291399321,53.30658797307402,46.0,544.710372318867
2025-02-19,9183.369315242282,7.379341502224375,54.14071646165098,94.0,696.3347726096913
2025-02-20,10601.139687464938,7.6555472484936,73.36105477985402,157.0,
2025-02-21,10410.865583863344,7.573920841563552,59.03259908620601,44.0,570.4346233545338
2025-02-22,12342.687525789739,6.06619412673489,65.65279804574007,74.0,752.7075010315896
2025-02-23,9767.181223501626,8.134561495153719,73.65017023003693,71.0,639.187248940065
2025-02-24,9934.484471007563,6.063906673306028,60.74206771158736,136.0,873.3793788403025
2025-02-25,4017.913446842782,7.075486778080021,79.46294902820951,139.0,647.2165378737113
2025-02-26,13384.30553689433,,76.01186717403182,106.0,906.3722214757732
2025-02-27,11053.91415996879,7.002366434427486,,144.0,946.1565663987517
2025-02-28,7312.022485217064,7.537124389549829,56.52029003315407,126.0,733.4808994086825
2025-03-01,8824.686161869062,7.101222682719976,,144.0,856.9874464747625
2025-03-02,7813.323797100893,6.399657165802197,71.15552166346401,112.0,704.5329518840358
2025-03-03,4798.741525710613,7.420294034091163,59.10331731951602,55.0,384.44966102842454
2025-03-04,13561.641734013721,8.01634050619039,72.9060785473986,68.0,780.4656693605489
2025-03-05,7720.510809148367,7.78261524147966,79.82823583384442,166.0,889.8204323659347
2025-03-06,,8.004025101887148,50.394338298758306,98.0,740.6425380734356
2025-03-07,5830.102062217185,7.2417914946926265,70.35786466461296,107.0,607.7040824886874
2025-03-08,11517.839752074215,7.3548335777394005,66.24712613285544,173.0,1066.2135900829685
2025-03-09,10073.901570713684,6.2981254542503855,60.867519383490624,59.0,609.4560628285474
2025-03-10,6791.169427200188,6.684378443084324,78.30228564350081,130.0,726.6467770880075
2025-03-11,,6.610981272749429,66.14099481789759,97.0,571.2393137794847
2025-03-12,3079.936048585676,7.852034036455174,69.5995177738931,,277.19744194342707
2025-03-13,6654.146942854372,8.426708356303717,57.843620808284236,,591.6658777141749
2025-03-14,9389.045598808023,7.730870271282312,70.32303509654848,120.0,795.561823952321
2025-03-15,6377.705370554356,7.871315748976586,60.85921522584887,53.0,
2025-03-16,6456.799055166035,6.937280915506502,75.36503007967288,27.0,352.77196220664143
2025-03-17,8593.94544426585,5.429779114563887,60.274072769794685,146.0,854.757817770634
2025-03-18,8299.405423066786,8.608374214267792,57.039467540131724,32.0,443.9762169226714
2025-03-19,7037.464969672863,6.590123624102818,70.22481970200813,74.0,540.4985987869145
2025-03-20,7214.5778145783415,7.554362682320539,70.34778820115682,40.0,428.58311258313364
2025-03-21,10420.755618037161,8.715063405022494,54.28254934865605,53.0,602.3302247214865
2025-03-22,15597.352567837257,7.323190863547719,62.12292098667187,99.0,970.3941027134903
2025-03-23,10711.156034119998,6.776187577766135,74.33758817928606,169.0,1019.9462413648
2025-03-24,6012.20281970685,,59.47127602941854,100.0,590.4881127882741
2025-03-25,14724.328813338787,6.824148577891142,67.66867844896566,84.0,882.9731525335515
2025-03-26,7639.978809663955,5.979772534775935,76.46293971630381,173.0,911.0991523865582
2025-03-27,8796.689542110542,7.821505551376311,48.78460200416163,20.0,421.8675816844217
2025-03-28,11416.39334387223,,87.87226270602977,78.0,729.6557337548893
2025-03-29,5085.789441860906,7.099209773382108,84.72416943740703,23.0,283.9315776744362
2025-03-30,4458.0677837798885,,51.91522768125242,69.0,419.82271135119555
2025-03-31,3000.0,8.081596649438781,80.80151571286271,74.0,379.0
2025-04-01,7775.993167301067,6.716434187422126,70.79370875595501,86.0,612.0397266920427
2025-04-02,7995.058297616631,7.680741929682748,62.521010140098525,132.0,781.8023319046652
2025-04-03,,6.942600920276357,55.48120191014728,119.0,841.624300748893
2025-04-04,6343.708013680505,7.178764575332253,57.8106346513537,124.0,687.7483205472201
2025-04-05,12428.639731750201,7.521146356318059,75.97010378198604,89.0,808.645589270008
2025-04-06,13381.714213416826,7.394870809825474,67.01316941607071,50.0,710.268568536673
2025-04-07,6247.938922451152,5.446429584925982,63.42456933153664,141.0,743.4175568980461
2025-04-08,11479.458840964078,8.290384903756195,70.58196036623444,,693.6783536385631
2025-04-09,9606.574494810035,6.874867641614194,68.85550575133516,127.0,828.7629797924014
2025-04-10,7816.723712854586,7.502725048118458,84.24435562906861,,662.6689485141835
2025-04-11,8559.209436082321,8.343266204369884,74.98029100114195,60.0,552.3683774432928
2025-04-12,3000.0,6.374016738040284,55.923121963667676,,351.0
2025-04-13,8257.326444789336,6.808385632523291,74.27229783297852,122.0,757.2930577915735
2025-04-14,4857.0192675871895,7.748183807773292,69.17612406577051,22.0,271.2807707034876
2025-04-15,7015.561811794447,7.323891412676617,69.61291374241692,135.0,753.1224724717779
2025-04-16,6405.96027594306,6.978737884397442,71.26192110980213,133.0,721.7384110377225
2025-04-17,6221.533366025436,8.374941391220641,53.06322707190229,153.0,784.3613346410175
2025-04-18,4314.178677365192,7.152871627956176,60.01266237405433,,340.56714709460766
2025-04-19,6840.083042099828,7.600518027196775,65.63007027764702,61.0,487.10332168399316
2025-04-20,7803.968957225906,6.984156243870083,77.11282423800628,117.0,721.6587582890363
2025-04-21,4191.101269798247,6.830886762279846,64.04469786617393,123.0,598.1440507919299
2025-04-22,,6.46275353753125,61.25075686128045,78.0,
2025-04-23,11865.134455617655,7.907571712437432,66.25387294484798,108.0,852.6053782247062
2025-04-24,8384.802371993306,7.8711810421464765,68.57187445153205,70.0,580.3920948797322
2025-04-25,7988.127604431128,7.277320877203853,76.22625927997068,121.0,743.0251041772451
2025-04-26,8187.344703323464,8.843645790088553,,118.0,740.4937881329386
2025-04-27,12333.290548071567,5.946765666960633,78.56584518069735,46.0,654.3316219228627
2025-04-28,11735.419878483946,6.4642368823704155,62.63645465787732,110.0,854.4167951393579
2025-04-29,9344.33233190416,6.923521503321153,68.3867967552402,96.0,709.7732932761664
2025-04-30,,7.919480739565954,83.21257180909606,121.0,821.8645723332402
2025-05-01,13607.687472041316,8.420707535645576,69.5647374293983,103.0,904.8074988816527
2025-05-02,7779.349110391232,6.845200184297281,66.5836641454,77.0,580.6739644156493
2025-05-03,10323.000512383143,8.10954472895975,76.77235467094589,59.0,619.4200204953257
2025-05-04,3649.737794230916,,68.56076263724398,81.0,429.48951176923663
2025-05-05,5952.921314402873,7.276626030086724,67.23246090250889,86.0,539.116852576115
2025-05-06,9426.812490113114,6.423169647436699,62.22416778436579,141.0,870.5724996045246
2025-05-07,,6.2089664053571685,,98.0,747.9415388471666
2025-05-08,3000.0,6.34966554443278,48.21670337079986,136.0,596.0
2025-05-09,,7.3332043257640755,60.96687085289943,88.0,
2025-05-10,9341.275124197946,6.1739660002757,75.89817716824737,69.0,615.1510049679179
2025-05-11,16721.518170718387,8.3849249513057,68.78223158639342,66.0,899.8607268287356
2025-05-12,6028.774830218561,7.82236747866677,65.45579737733554,37.0,370.6509932087424
2025-05-13,16513.68331374469,6.703196533168881,57.13566711243418,52.0,842.5473325497876
2025-05-14,3725.6617305622176,6.47111038707894,77.75119901780285,110.0,534.0264692224887
2025-05-15,7965.366837858564,7.90557083150831,76.7798614959737,87.0,623.1146735143426
2025-05-16,11020.091367416864,5.711689684193429,,78.0,713.8036546966746
2025-05-17,5102.57453356571,6.555708609728372,69.616064445679,76.0,470.1029813426284
2025-05-18,6179.783975926161,7.448389007475915,61.197070202562436,61.0,460.6913590370464
2025-05-19,9487.579154814892,6.986922043817675,65.63840197432096,29.0,481.0031661925957
2025-05-20,10457.774253260302,7.509275713700192,60.83190028664249,90.0,733.3109701304121
2025-05-21,9104.469687211691,7.518347121675452,67.9423052347056,67.0,598.6787874884676
2025-05-22,4545.640055948872,7.56523779769888,71.9557148900653,123.0,612.3256022379549
2025-05-23,11194.39292850147,6.777671052026807,63.522703661064696,157.0,997.2757171400588
2025-05-24,8954.169739621657,4.920355997271114,62.555333072348944,152.0,890.1667895848664
2025-05-25,8808.22559465403,6.742545025571437,59.40817227461132,85.0,649.8290237861612
2025-05-26,7689.378101866472,7.708941533628566,60.18197654890538,69.0,
2025-05-27,9464.734494838232,7.790443540713526,48.0,149.0,900.0893797935294
2025-05-28,10739.612430526167,7.117167573239544,76.44701513526124,26.0,520.5844972210467
2025-05-29,9706.891017575115,8.247969217404947,67.62518466367945,133.0,853.7756407030047
2025-05-30,9322.418665006862,7.070149786437533,67.69267187617035,74.0,631.8967466002746
2025-05-31,12128.086876946902,5.944938256632273,74.21347638286488,24.0,569.123475077876
2025-06-01,8348.656992367236,6.588269901851827,74.20411408167452,160.0,893.9462796946895
2025-06-02,4464.94635057676,7.6234352794623135,65.17427656193246,113.0,574.0978540230703
2025-06-03,,5.538304324632569,63.36313141569571,35.0,423.91211641493845
2025-06-04,7234.065690745863,7.95545980456538,85.37568959436203,41.0,432.86262762983455
2025-06-05,3000.0,7.434952580339806,57.205445897650684,36.0,246.0
2025-06-06,9561.215589617812,7.083156954463433,71.25555665159466,38.0,515.4486235847125
2025-06-07,6922.271188256862,6.500145725179601,56.08864543250891,159.0,833.3908475302744
2025-06-08,6057.803669994166,7.9088605690924,74.94224158195193,33.0,357.81214679976665
2025-06-09,5182.838811745642,7.0140554219858675,54.00324358343924,51.0,385.8135524698257
2025-06-10,15137.647825633292,8.101863765575045,65.4388201296413,121.0,1029.0059130253317
2025-06-11,7576.769139119388,7.253296327843784,83.03521787098292,178.0,926.0707655647755
2025-06-12,8072.038024890374,,52.89026627740715,142.0,819.8815209956149
2025-06-13,7210.559745811203,6.0857536961539305,62.539327525530084,,718.9223898324481
2025-06-14,7160.260293143907,7.12770628789676,78.28877737076121,96.0,622.4104117257563
2025-06-15,12131.890194816327,8.438336070048267,63.56121460501885,41.0,628.7756077926531
2025-06-16,10152.11850023226,7.816331408205371,59.63518973472196,140.0,896.0847400092904
2025-06-17,6648.041895760005,5.178369620209954,57.35448628062938,61.0,479.4216758304002
2025-06-18,12307.641571217468,7.405385777019144,,118.0,905.3056628486987
2025-06-19,5344.715086017646,6.17990074898332,51.28441482484917,68.0,451.78860344070586
2025-06-20,10094.015496959819,8.16171822006432,55.65380256896315,55.0,596.2606198783928
2025-06-21,7171.847362738796,6.92761288147841,60.37843514328219,121.0,710.3738945095519
2025-06-22,12624.08528451483,7.883535267334333,64.35526130070545,130.0,959.9634113805932
2025-06-23,4687.197332104679,7.9489070218066695,54.7262389553031,119.0,603.9878932841872
2025-06-24,4355.997413438308,7.168206933316202,87.13202938874957,153.0,709.7398965375323
2025-06-25,4180.380529503218,7.729626149418328,76.98883459339872,123.0,597.7152211801288
2025-06-26,11218.50442729516,8.455586984064093,74.75947564611155,138.0,931.7401770918063
2025-06-27,12348.723553298918,6.314932990816663,87.51175543684342,136.0,969.9489421319568
2025-06-28,3000.0,6.4976024544740865,59.29411482841249,79.0,396.5
2025-06-29,8135.249945648315,7.17815560456291,83.12879001075854,78.0,598.4099978259326
2025-06-30,5544.707713305757,6.277301275073333,74.09809196649216,147.0,736.2883085322303
2025-07-01,13715.37656378274,7.83924712544498,71.05669509988138,166.0,1129.6150625513096
2025-07-02,10177.63529883269,8.084067058234837,,155.0,949.6054119533076
2025-07-03,7422.160625405981,6.573922722651391,59.43156296814023,33.0,412.38642501623923
2025-07-04,9154.577588164395,7.13208939862309,65.69482785140974,150.0,891.1831035265758
2025-07-05,6004.142865933937,7.158983515804043,52.62054387828221,92.0,562.1657146373575
2025-07-06,10147.699088298956,6.864021466248412,70.61996940377085,50.0,
2025-07-07,7352.080581874357,6.942016402414651,66.81368943388236,143.0,794.5832232749743
2025-07-08,10911.562691885614,8.3248527550237,75.4624644141486,33.0,551.9625076754246
2025-07-09,10199.515082312713,8.950616823533817,53.960138638341334,98.0,
2025-07-10,9500.94762803996,,63.012172249104964,140.0,870.0379051215984
2025-07-11,,7.743840805693539,54.03376961130489,30.0,487.2563881010031
2025-07-12,8326.675184512296,7.793852867802609,59.59200028782102,123.0,763.5670073804919
2025-07-13,13075.397995260653,6.905085344946356,79.23194241701614,96.0,859.0159198104261
2025-07-14,15157.995707257698,6.53996464481624,67.89002054097764,151.0,1134.819828290308
2025-07-15,7605.035259692944,7.431847228239298,71.93380331270778,103.0,664.7014103877177
2025-07-16,8872.407118060635,7.817609661367023,79.5595835596838,162.0,921.8962847224254
2025-07-17,10836.556207887874,6.661992247973915,63.21784332837545,144.0,937.4622483155149
2025-07-18,8948.667171314239,7.243753146401777,60.13569064376709,158.0,910.9466868525695
2025-07-19,9085.716427816495,6.970202773011926,68.96831697433542,102.0,720.4286571126597
2025-07-20,9472.32552931109,,74.01696590812274,,858.3930211724437
2025-07-21,7567.871737065527,6.666940569152016,82.47445415765871,145.0,810.214869482621
2025-07-22,8815.512631803362,6.851090451972325,68.83398309794126,,503.1205052721345
2025-07-23,8275.417011484773,8.055799038318707,60.95418019578441,88.0,639.016680459391
2025-07-24,8222.046190719004,7.756315272041688,66.33164894496431,,689.3818476287602
2025-07-25,15054.007084298679,,,131.0,1060.6602833719471
2025-07-26,,7.79745986615271,50.26925736119301,139.0,790.4740644441199
2025-07-27,7517.999989144405,8.213457600436165,80.52715749039962,47.0,465.2199995657762
2025-07-28,10828.810737992808,7.676956472052109,72.96843043889506,130.0,888.1524295197123
2025-07-29,11358.639349963954,,88.6888491535729,37.0,583.8455739985582
2025-07-30,11028.175900064074,6.795371535409215,52.03695059173282,87.0,745.627036002563
2025-07-31,3000.0,6.570706278206466,85.3361282518099,160.0,680.0
2025-08-01,11515.467253269748,6.937920524023409,65.56954231396506,170.0,1055.61869013079
2025-08-02,7413.674462964671,7.610719154336633,76.23512854841371,74.0,555.5469785185869
2025-08-03,9738.398065522697,6.509933913536355,67.90010226374206,134.0,858.535922620908
2025-08-04,8933.94251339518,6.820036070733198,84.17439462453653,57.0,556.8577005358072
2025-08-05,8581.519876278438,7.1935218528438005,83.67422412088196,47.0,507.76079505113756
2025-08-06,8479.358558201706,7.081180207469544,70.3367569119896,139.0,825.6743423280682
2025-08-07,5329.056083981863,6.541692156400575,67.6494890901765,121.0,
2025-08-08,4735.9441141484285,7.374616728927665,76.93092469107248,84.0,483.4377645659372
2025-08-09,7119.0877175782125,7.3547813177365144,70.85733434952284,58.0,487.7635087031285
2025-08-10,7663.9941812801935,6.36608637498961,77.37086011326564,53.0,492.05976725120775
2025-08-11,6777.094154732678,7.176779639523698,89.90177562207963,143.0,771.5837661893072
2025-08-12,15681.103452156098,8.83766662275462,70.16930768380466,93.0,952.7441380862439
2025-08-13,10293.318371655532,8.266402013952188,71.5391709828265,117.0,821.2327348662213
2025-08-14,10372.56424111808,7.412675947896611,57.86825207652848,44.0,568.9025696447231
2025-08-15,5246.69488362103,7.543293231732838,77.64971764844377,114.0,608.8677953448412
2025-08-16,5113.420118196985,7.980595658496106,74.48854020412429,108.0,582.5368047278794
2025-08-17,7803.8776395921,8.379722562032002,65.91855771374722,26.0,403.155105583684
2025-08-18,10510.759799346357,7.3459011887899734,68.43267577503958,,539.4303919738543
2025-08-19,7620.442234566317,7.95700969828899,75.36640974348327,54.0,493.8176893826527
2025-08-20,13985.97092710413,8.532554019398228,48.0,102.0,916.4388370841652
2025-08-21,5889.638092640118,8.07355365958124,54.72388026869349,112.0,627.5855237056047
2025-08-22,6958.4056875164315,,58.092269994826864,80.0,558.3362275006573
2025-08-23,9879.147147933256,6.46599752303083,50.52297231288675,115.0,797.6658859173302
2025-08-24,3537.358083383917,6.3953776164126825,79.3636716173331,108.0,519.4943233353567
2025-08-25,8290.386557822141,6.156833544987463,76.42804293790309,,
2025-08-26,9971.500641759369,,68.80223076907909,84.0,692.8600256703747
2025-08-27,5669.04820800235,,82.37718925253294,172.0,828.7619283200941
2025-08-28,4155.430801747712,7.175282148922894,67.20681457659344,105.0,533.7172320699085
2025-08-29,8048.890471347895,6.298834303501259,73.26969525731086,125.0,759.4556188539159
2025-08-30,6734.691813736151,7.399793603575143,58.42903824494218,138.0,752.387672549446
2025-08-31,5341.570807502765,7.248693709027238,60.012700538657946,112.0,605.6628323001106
2025-09-01,,6.369613809061562,73.4507712342813,32.0,696.2518209246942
2025-09-02,7328.401917592794,8.41322641459515,69.15901491129327,33.0,408.63607670371175
2025-09-03,3000.0,4.963250316286591,55.67632480941669,71.0,368.5
2025-09-04,13235.149960227354,7.249343290526674,56.909968848580085,109.0,910.9059984090942
2025-09-05,10256.059116940572,8.144863479414504,63.67230253588343,60.0,620.2423646776228
2025-09-06,7243.007228919139,6.859455735909454,72.35245528712785,24.0,373.7202891567656
2025-09-07,9492.529832542321,7.479954862133328,72.12278454512904,63.0,600.2011933016929
2025-09-08,6176.628789016093,7.905889147311644,62.32464457033643,112.0,639.0651515606437
2025-09-09,10715.389959034512,7.959002625694678,58.95596835218266,133.0,894.1155983613805
2025-09-10,,6.241374022762209,77.89522472180737,95.0,794.0924243705444
2025-09-11,6288.067076485294,8.089242685999327,76.49828282811087,134.0,720.5226830594117
2025-09-12,6934.617856758446,6.722296011939674,,139.0,763.8847142703378
2025-09-13,3000.0,6.705741381876186,73.29924976777319,173.0,725.5
2025-09-14,9265.806008604359,5.424551099193678,49.59860143163227,109.0,752.1322403441743
2025-09-15,4490.65158852376,6.187214383154272,52.243918365872474,171.0,778.1260635409504
2025-09-16,,7.29606271280693,72.18113543135176,168.0,
2025-09-17,8885.635074613665,7.357339751900083,81.86250246667063,161.0,918.9254029845466
2025-09-18,14318.699975891408,6.591606501915866,72.4781944520133,25.0,660.2479990356563
2025-09-19,9505.930771899719,,78.68518041114358,87.0,684.7372308759888
2025-09-20,5086.048948005497,7.0232700312032685,76.84517420334751,49.0,374.94195792021986
2025-09-21,10035.117628647544,8.130426818977906,76.21266452480724,55.0,593.9047051459017
2025-09-22,10487.31120433984,8.127802985666852,77.39445354052305,172.0,1021.4924481735936
2025-09-23,10590.060432443905,6.666107105180517,70.94018982463488,167.0,1008.1024172977561
2025-09-24,11494.458133895836,6.402773183464437,72.67034346064922,64.0,683.7783253558334
2025-09-25,8579.182780756808,7.033463612062206,55.793916724254046,145.0,
2025-09-26,6461.79080576766,7.254206906400056,68.90636239382664,92.0,580.4716322307064
2025-09-27,6915.201475694828,7.664336637643135,71.4713479349566,69.0,518.1080590277932
2025-09-28,7224.0946202978585,7.673044142920371,61.129289489518236,113.0,684.4637848119144
2025-09-29,12865.988964416463,6.737110398543939,68.74930161195384,112.0,906.6395585766585
2025-09-30,16583.269020910622,6.687199830920223,66.55875520795307,146.0,1174.3307608364248
2025-10-01,5817.805321713526,7.804483258624253,75.36157956489689,114.0,631.712212868541
2025-10-02,10562.44293858325,6.888037121787447,48.0,25.0,509.99771754333
2025-10-03,11167.966772796093,8.046233832968852,56.15487746834298,159.0,1003.2186709118437
2025-10-04,11044.713299099061,6.946613014926813,,107.0,816.2885319639624
2025-10-05,4775.264659191919,7.370628135387689,80.09186231926483,92.0,513.0105863676768
2025-10-06,6788.196028989665,8.101783899992503,76.41586129023185,156.0,817.5278411595866
2025-10-07,7709.947602982775,7.85555135906361,48.0,136.0,784.3979041193111
2025-10-08,12512.212882442967,7.10326566174465,70.68518119723565,64.0,724.4885152977188
2025-10-09,10834.384643481942,6.4780438440357075,74.90573408993775,91.0,751.8753857392777
2025-10-10,13765.755918334213,7.993685545072904,59.843165110952526,116.0,956.6302367333685
2025-10-11,3847.479468051425,7.4984509166878155,,21.0,227.399178722057
2025-10-12,,6.678414777847273,71.65304863117164,46.0,655.836621734242
2025-10-13,3453.7111985964348,6.187499741090705,61.52532772082511,87.0,442.6484479438574
2025-10-14,9498.238788996876,6.728300882490599,74.80437889074678,36.0,505.92955155987505
2025-10-15,8067.048103064515,7.808219246882612,77.94894485517395,150.0,847.6819241225805
2025-10-16,10693.508401724972,6.9979450597564705,59.499697683063005,161.0,
2025-10-17,10524.726916806048,7.802345918814294,75.32459793298511,164.0,994.9890766722419
2025-10-18,9582.04260234208,5.112027279957058,54.596489985418444,167.0,967.7817040936832
2025-10-19,9045.41256629458,7.211114335113402,73.30217600265632,132.0,823.8165026517833
2025-10-20,8931.878169852465,,72.64650423411497,52.0,539.2751267940987
2025-10-21,9156.314761474623,7.021672494637327,65.1099555627733,164.0,940.252590458985
2025-10-22,4716.967107604014,7.3504038359799155,68.9378043419226,,745.1786843041606
2025-10-23,12444.618991967722,7.598813521912798,61.85432970665749,34.0,616.784759678709
2025-10-24,3000.0,6.296295648369758,59.6449516552164,133.0,585.5
2025-10-25,6715.324368012542,7.283726225063472,70.33456446095032,83.0,559.1129747205017
2025-10-26,3547.4147148534685,6.535358834139999,64.25654952994566,97.0,481.39658859413873
2025-10-27,9101.98502735604,7.714832749223536,68.79402037321256,150.0,889.0794010942416
2025-10-28,10856.80230931544,7.388046029997665,48.0,71.0,
2025-10-29,8748.696133942676,7.40723999930104,77.54308764276001,39.0,486.4478453577071
2025-10-30,11843.546010668919,5.828554600402231,61.53555455811761,76.0,739.7418404267568
2025-10-31,3441.386510788927,6.609154032504999,55.54852561353374,166.0,718.6554604315571
2025-11-01,14455.269069835886,6.46086820454267,66.094548726799,179.0,1204.7107627934356
2025-11-02,7346.552425989351,7.260765952211187,61.89618701694501,24.0,377.86209703957405
2025-11-03,9821.42570973857,6.788269621603986,72.29847792537537,,462.85702838954285
2025-11-04,6882.075145648402,7.668142470940572,69.43359511679148,29.0,376.7830058259361
2025-11-05,12168.510694714194,7.314018068798249,,28.0,
2025-11-06,5756.906917692288,7.504905462729329,62.84366308556314,133.0,695.7762767076915
2025-11-07,10237.992753345043,6.794669004289002,55.77059486546115,25.0,497.0197101338017
2025-11-08,8141.238621140281,7.926075233226852,62.04706592146704,96.0,661.6495448456112
2025-11-09,5664.939414568949,7.418152896405786,,21.0,300.09757658275794
2025-11-10,7125.022786075,6.98300817500556,72.06327188283116,38.0,418.000911443
2025-11-11,5639.127666264321,6.702930614517343,85.60936405810273,124.0,
2025-11-12,10102.719924623354,7.353933963221807,74.67683287419446,120.0,824.1087969849341
2025-11-13,13456.870008656779,7.205149215257496,62.222612006980384,171.0,1136.7748003462711
2025-11-14,5700.731614188105,7.383742835160013,70.96457041725306,88.0,536.0292645675243
2025-11-15,8572.287558250768,6.905283659829497,78.78607063889193,155.0,885.3915023300308
2025-11-16,6272.583219002578,6.128918220482866,53.5762362946547,66.0,481.90332876010314
2025-11-17,11932.36632475651,6.561846255602634,74.87621867370856,61.0,690.7946529902604
2025-11-18,8799.294793447974,7.344681444904772,74.711018294263,171.0,950.4717917379189
2025-11-19,3000.0,7.47565172888973,53.08843367217791,21.0,193.5
2025-11-20,3000.0,8.062053567814367,49.23709026098066,96.0,456.0
2025-11-21,6092.718993319695,7.499747320858399,53.37986044563145,165.0,821.2087597327878
2025-11-22,11857.646252640534,8.012595949541694,58.802487407620106,92.0,796.3058501056214
2025-11-23,7344.814686276193,7.909183225884186,50.02560315345091,69.0,535.2925874510477
2025-11-24,10399.931635711206,7.009408818004528,70.65751833332521,127.0,860.4972654284483
2025-11-25,4293.04348459805,7.029751297545157,63.559447574275644,,444.721739383922
2025-11-26,6813.468342774392,6.943028389024979,69.96958403789215,138.0,755.5387337109757
2025-11-27,7995.3850598158415,7.67235400645323,77.37433163427288,35.0,442.31540239263364
2025-11-28,9662.927871513419,7.555492712468181,52.49575101794987,68.0,624.5171148605368
2025-11-29,11557.116165775833,8.055526941658869,65.45197946990247,102.0,819.2846466310334
2025-11-30,11473.157322969471,6.219305409667588,84.38988993637254,43.0,609.4262929187789
2025-12-01,10317.115004621646,7.45247767006079,77.30810205910072,171.0,1011.1846001848659
2025-12-02,8829.985113457826,7.291738347511344,62.663415621991206,,696.199404538313
2025-12-03,8656.84920166101,6.329449890458397,67.99368123108705,81.0,629.7739680664404
2025-12-04,8382.729318544056,6.60873586021973,68.18246058335278,81.0,618.8091727417623
2025-12-05,6186.326471279039,6.879880991935429,59.761388394330886,52.0,429.4530588511616
2025-12-06,7120.750052453572,6.193323869517066,74.07939661569011,142.0,781.8300020981428
2025-12-07,4719.352608074005,,65.7930838484518,172.0,790.7741043229602
2025-12-08,8574.008251413637,6.572160600362252,57.02008244813806,40.0,482.9603300565455
2025-12-09,,7.467655937221496,66.24542706757285,97.0,579.5804000418464
2025-12-10,5047.607776776773,7.273287901715151,77.00838204394456,82.0,488.9043110710709
2025-12-11,7163.059226796463,5.223898523306575,72.7927079220834,111.0,675.0223690718585
2025-12-12,7166.306417635448,6.992963362016544,64.18828894415526,135.0,759.1522567054179
2025-12-13,9904.188960006053,6.393499671389898,74.39955187864216,77.0,665.6675584002421
2025-12-14,7877.433951070403,7.041772527788653,,40.0,455.09735804281615
2025-12-15,11506.708016048846,6.384490040809922,77.23699742127431,95.0,792.7683206419538
2025-12-16,3000.0,7.356903235799051,72.73685910669131,21.0,193.5
2025-12-17,3708.8952044279304,7.931460593513304,68.98869179377509,72.0,400.3558081771172
2025-12-18,7269.482535041914,7.884042336609761,64.58216764970173,106.0,661.7793014016765
2025-12-19,3316.81524404861,7.1827570545836785,67.55994115243863,97.0,
2025-12-20,14794.831705190249,7.160870514659141,71.35576841607639,64.0,815.7932682076099
2025-12-21,12156.188586878918,6.596952199375335,58.45410482458158,78.0,759.2475434751567
2025-12-22,11359.521066951793,8.119770488576027,65.98960489035099,73.0,709.8808426780718
2025-12-23,8757.56944857525,7.574672669350451,66.02457405483608,175.0,962.80277794301
2025-12-24,11563.57851844958,,57.79419551122047,121.0,886.0431407379832
2025-12-25,10699.058026277886,5.944563912441606,52.94079233725635,82.0,714.9623210511154
2025-12-26,15431.86468342828,6.75144542378875,61.118638083146536,106.0,988.2745873371313
2025-12-27,4511.390001622634,6.985494756783587,80.61337462322349,143.0,680.9556000649054
2025-12-28,5418.328499638887,6.8913706249704,63.414170424422515,153.0,752.2331399855555
2025-12-29,5878.199963208846,6.408912360991301,73.66935689794406,116.0,641.1279985283538
2025-12-30,11531.37061179971,6.360170093474666,,85.0,758.7548244719884
2025-12-31,,7.142478847755014,80.80566973830605,28.0,422.5142615457271
